model_id,exp1,exp2,exp3,exp4,exp5,exp6,exp7,exp7_neural,exp8,exp9
Qwen/Qwen2.5-3B,PASS,FAIL,PASS,PASS,PASS,PASS,PASS,FAIL,FAIL,NOT_RUN
Qwen/Qwen2.5-3B-AWQ,NOT_RUN,NOT_RUN,NOT_RUN,NOT_RUN,NOT_RUN,NOT_RUN,NOT_RUN,NOT_RUN,NOT_RUN,NOT_RUN
Qwen/Qwen2.5-3B-GPTQ-Int4,NOT_RUN,NOT_RUN,NOT_RUN,NOT_RUN,NOT_RUN,NOT_RUN,NOT_RUN,NOT_RUN,NOT_RUN,NOT_RUN
Qwen/Qwen2.5-7B,PASS,FAIL,PASS,NOT_RUN,NOT_RUN,PASS,PASS,NOT_RUN,NOT_RUN,NOT_RUN
TinyLlama/TinyLlama-1.1B-Chat-v1.0,PASS,FAIL,PASS,NOT_RUN,NOT_RUN,PASS,PASS,NOT_RUN,NOT_RUN,NOT_RUN
google/gemma-2-9b,PASS,PASS,PASS,NOT_RUN,NOT_RUN,PASS,PASS,NOT_RUN,NOT_RUN,NOT_RUN
meta-llama/Llama-3.1-8B,PASS,FAIL,PASS,NOT_RUN,NOT_RUN,PASS,PASS,NOT_RUN,NOT_RUN,NOT_RUN
microsoft/Phi-3-mini-4k-instruct,PASS,PASS,PASS,NOT_RUN,NOT_RUN,PASS,PASS,NOT_RUN,NOT_RUN,NOT_RUN
mistralai/Mistral-7B-v0.3,PASS,PASS,PASS,NOT_RUN,NOT_RUN,PASS,PASS,NOT_RUN,NOT_RUN,NOT_RUN
